CREATE DATABASE IF NOT EXISTS vk;
USE vk;

-- пользователи
DROP TABLE IF EXISTS user;
CREATE TABLE users 
(
	id SERIAL PRIMARY KEY, -- SERIAL = BIGINT UNSIGNED NOT NULL AUTO_INCREMENT UNIQUE
    firstname VARCHAR(50),
    lastname VARCHAR(50) COMMENT 'Фамилия',
    email VARCHAR(120) UNIQUE
);

INSERT INTO users (id, firstname, lastname, email)
VALUES 
	(1, 'Reuben', 'Nienow', 'arlo50@example.org'),
	(2, 'Frederik', 'Upton', 'terrence.cartwright@example.org'),
	(3, 'Unique', 'Windler', 'rupert55@example.org'),
	(4, 'Norene', 'West', 'rebekah29@example.net'),
	(5, 'Frederick', 'Effertz', 'von.bridget@example.net'),
	(6, 'Victoria', 'Medhurst', 'sstehr@example.net'),
	(7, 'Austyn', 'Braun', 'itzel.beahan@example.com'),
	(8, 'Jaida', 'Kilback', 'johnathan.wisozk@example.com'),
	(9, 'Mireya', 'Orn', 'missouri87@example.org'),
	(10, 'Jordyn', 'Jerde', 'edach@example.com');
    
-- медиа
DROP TABLE IF EXISTS media;
CREATE TABLE media
(
	id SERIAL PRIMARY KEY,
    user_id BIGINT UNSIGNED NOT NULL,
    media_type_id BIGINT UNSIGNED,
  	body text,
  	filename VARCHAR(255), 
    created_at DATETIME DEFAULT NOW(),
    updated_at DATETIME ON UPDATE CURRENT_TIMESTAMP,
	FOREIGN KEY (user_id) REFERENCES users(id) ON UPDATE CASCADE ON DELETE CASCADE
);

INSERT INTO media (media_type_id, user_id, filename, body) VALUES 
(3, 1, 'a.avi', 'Est aut aliquid est. Soluta eveniet doloribus ipsam ut id assumenda quam. Consequuntur et velit aperiam error corporis rem corporis. Est similique quisquam quia maxime eaque possimus facere officiis. Odio magni atque dicta voluptatibus hic iste delectus.'),
(2, 2, '1.mp3', 'Laborum dolorem magni unde vero sit hic. Pariatur quia voluptas magnam. Blanditiis dolorem et molestias veniam facere provident.'),
(1, 3, 'sapiente.png', 'A quam ea ullam reiciendis vel et reiciendis. Delectus iure mollitia est. Eum dolores dolores sed officia vitae qui. Sed repudiandae voluptatem voluptatibus libero culpa quo.'),
(3, 4, 'rerum.mp4', 'Velit commodi in veniam occaecati. Tenetur temporibus ullam enim officiis aut illum. In maiores velit nobis soluta molestias maiores tempora. Quisquam et ut et sequi.'),
(1, 5, 'user5-profile-image.bmp', 'Est eaque est qui et omnis rerum. Expedita porro nesciunt inventore consequatur quos. Inventore aut rerum voluptas. Dicta vel ut quibusdam cupiditate tempore.'),
(1, 6, 'quasi.jpg', 'Atque et nam nulla et aliquid. Vel repellendus aut natus odit quibusdam quis atque et. Laudantium minima velit dolores eos voluptate nostrum.'),
(3, 7, 'non.mp4', 'Nihil ut et reprehenderit et. Numquam veniam quis impedit. Voluptas saepe rerum illo vel omnis. Aliquam illum ut quo saepe ea unde est.'),
(4, 8, 'new_01012023.docx', 'Sint quod fugit molestiae dolore repellendus est. Quis corporis necessitatibus commodi placeat temporibus doloremque voluptatem. Nemo maxime sit dolorem perferendis repellat. Et impedit deleniti eaque pariatur ut quia voluptatibus.'),
(1, 9, 'ullam.jpg', 'Optio sed aperiam veniam eum. Rerum placeat soluta iusto perspiciatis quibusdam dolorem eos. Ea pariatur optio est ut.'),
(2, 10, '2.mp3', 'Facere nostrum facilis aperiam quisquam dolor. Minima omnis est nam.'),
(3, 1, 'non.mp4', 'A omnis ratione non. Et velit sed incidunt corporis ut rerum nemo. Ut pariatur tempora ea incidunt praesentium ut. Eligendi et et rerum sequi ut.'),
(4, 1, 'new_07012023.html', 'Quo minus harum debitis debitis quis sunt. Dolores suscipit placeat dolorum non voluptate et. Non eos odio esse tempore. Illum minus quidem temporibus porro.'),
(1, 1, '1.jpg', NULL),
(2, 1, 'godt.mp3', 'Nobis est sed blanditiis assumenda incidunt explicabo. Facere rem assumenda odio explicabo ad enim repellat quia. Dolor mollitia fugiat officia nihil animi.'),
(3, 1, 'path1.avi', 'Tempora ad et aspernatur laborum ut dolor et. Exercitationem quaerat corporis placeat et.'),
(4, 1, 'new_07012023.html', 'Accusantium est ea fuga omnis mollitia. Dolores officia et consequatur iste est quo. Ullam laborum qui ut quo delectus temporibus.'),
(1, 1, 'map.bmp', 'Quasi itaque atque ut aliquam debitis. Qui consequuntur maiores sit ad perspiciatis quaerat assumenda repudiandae. Necessitatibus placeat quaerat aut voluptatem ratione voluptate expedita. Nulla doloremque aut molestiae nam.'),
(2, 1, '7.acc', 'Deserunt voluptatem quia voluptatem sit. Qui omnis distinctio optio voluptatem veniam atque dolorem. Repellat laboriosam illo consequatur nesciunt voluptas magni rerum. Saepe quos qui doloremque.'),
(3, 1, 'path2.avi', 'Fugiat consequuntur voluptatem odit omnis. Quia aut voluptate officia rerum. Cumque voluptatem eaque dolorum voluptas sed. Et autem atque est minus veritatis explicabo eos.'),
(4, 2, 'new_10012023.html', 'Autem dolore beatae aut corporis fugit ratione. Ex beatae qui at. Est deleniti asperiores temporibus perferendis est.'),
(1, 8, 'poster.jpg', 'Provident eligendi animi quidem qui ipsum. Accusamus dolor sint est qui magnam. Omnis enim quis dolore magni facilis repudiandae deserunt. Consequatur eum at recusandae id tenetur voluptas amet.'),
(2, 10, 'music_all.mp3', 'Animi ut labore dolore atque consequuntur maxime fugit. Sunt et et facere sint. Recusandae numquam accusamus a. Non quia dolorem reiciendis earum et officiis iure.'),
(3, 3, 'kino.avi', 'Sint officiis a ipsa quaerat rerum ea totam. Aut perferendis deleniti error ipsa ducimus ipsam. Ipsum a sunt quis placeat.'),
(4, 9, 'new_117012023.doc', 'Et accusamus a et adipisci dolore. Blanditiis sit vitae dolorem voluptas temporibus numquam ab. Aut temporibus accusantium consectetur.'),
(1, 10, 'main_photo.jpg', 'Consequuntur animi sed ea perferendis ad magnam. Aut libero alias sequi iste qui est. Ut quo dignissimos quibusdam doloremque est est incidunt.'),
(2, 1, 'ariya.mp3', 'Accusantium sit praesentium voluptatem molestias architecto. Excepturi doloremque ab eligendi eum ullam voluptas qui. Inventore expedita distinctio omnis laborum laboriosam.'),
(3, 1, 'film.mp4', NULL),
(4, 1, 'news.html', 'A culpa nostrum et quis. Id ipsum ipsum deserunt earum eaque aut earum. Blanditiis et commodi voluptas.'),
(1, 3, 'non.jpg', 'Cumque quod provident provident fugit cumque numquam. Fuga totam delectus a aut quaerat nemo dignissimos eos. Ratione harum et laborum qui dolore aliquam facilis numquam. At quas nam sapiente porro nesciunt voluptatum.'),
(1, 8, 'et.jpg', 'Provident quia fuga et consequatur reprehenderit repellat. Et aut cum nostrum ut beatae animi aut alias.');

-- 1. Посчитать количество документов у каждого пользователя (doc, docx, html)
SELECT
	user_id,
    COUNT(*) AS `count`
FROM media
WHERE filename LIKE "%doc" OR filename LIKE "%docx" OR filename LIKE "%html" 
GROUP BY user_id;

-- 2. Посчитать лайки для документов, которые выложил каждый пользователь (моих медиа)

-- лайки медиа
DROP TABLE IF EXISTS likes;
CREATE TABLE likes
(
	id SERIAL PRIMARY KEY,
    user_id BIGINT UNSIGNED NOT NULL,
    media_id BIGINT UNSIGNED NOT NULL,
    FOREIGN KEY (user_id) REFERENCES users(id)  ON UPDATE CASCADE ON DELETE CASCADE,
    FOREIGN KEY (media_id) REFERENCES media(id)  ON UPDATE CASCADE ON DELETE CASCADE
);

INSERT INTO likes (user_id, media_id) VALUES 
(1, 1), (2, 1), (3, 1), (4, 1), (5, 2), (6, 2), (7, 2), (8, 8), (1, 9), (10, 15), (7, 11), (5, 12), (6, 13), (1, 14), (1, 15), (1, 16), (1, 17), (1, 18), (1, 19), (1, 20);

SELECT
	user_id,
	SUM(media_id) AS sum_like
FROM likes
GROUP BY user_id;